Class,Drink,Rank,Amount,Quantity
A,7Up,7,2.204249414005872,938
A,7Up,7,120.40715142541055,522
A,7Up,7,114.9056165289665,873
A,7Up,7,-156.7650397152097,901
A,7Up,7,233.79727292852965,750
A,7Up,7,142.62299883132187,952
A,7Up,7,206.81543391968037,837
A,7Up,7,-60.139353613087366,644
A,7Up,7,280.16568165409404,651
A,7Up,7,230.1906238135997,950
A,7Up,7,-6.254295932980838,990
A,7Up,7,352.548629211518,514
A,7Up,7,90.85443048881686,824
A,7Up,7,17.335902684622766,724
A,7Up,7,236.8561821455974,706
A,7Up,7,472.21737505036486,743
A,7Up,7,-172.9732927376914,664
A,7Up,7,92.51868943472394,798
A,7Up,7,-12.328054609211094,755
A,7Up,7,11.429021627715116,844
A,7Up,7,-35.819071427864884,814
A,7Up,7,11.435445011560176,657
A,7Up,7,313.0192000259165,903
A,7Up,7,100.0358747505919,721
A,7Up,7,73.38915015244478,501
A,7Up,7,-143.02973885348683,920
A,7Up,7,214.5843485025423,748
A,7Up,7,-88.27437234791009,663
A,7Up,7,117.03623068101501,643
A,7Up,7,199.8415460036341,912
A,7Up,7,-6.595934115195945,654
A,7Up,7,201.00157522198737,611
A,7Up,7,18.58885198158856,746
A,7Up,7,378.66853435982387,615
A,7Up,7,-55.69444148152033,722
A,7Up,7,224.23870615641698,944
A,7Up,7,181.24749940676207,652
A,7Up,7,53.30928209966307,988
A,7Up,7,189.56451399725398,611
A,7Up,7,-39.41597663446166,636
A,7Up,7,92.96693643957718,975
A,7Up,7,244.79840789028563,948
A,7Up,7,112.24210083937855,816
A,7Up,7,78.30287965060627,653
A,7Up,7,162.5421290674603,847
A,7Up,7,107.7116162310074,983
A,7Up,7,-209.77990966538476,961
A,7Up,7,110.93943115948048,576
A,7Up,7,130.74646189813555,679
A,7Up,7,20.019409135748546,944
A,7Up,7,185.13251522389817,622
A,7Up,7,-23.222277704980016,517
A,7Up,7,-265.5747289471678,853
A,7Up,7,-101.83101671833862,800
A,7Up,7,-200.06650632705657,638
A,7Up,7,-76.3699483810388,907
A,7Up,7,-5.664806969351787,951
A,7Up,7,129.37020942650688,564
A,7Up,7,53.59368181815212,643
A,7Up,7,580.5430827938094,517
A,7Up,7,410.29499339087965,960
A,7Up,7,193.3684202822028,686
A,7Up,7,-5.170756511138592,586
A,7Up,7,222.99733302197401,884
A,7Up,7,-188.13282359320556,651
A,7Up,7,210.6362191807577,833
A,7Up,7,-150.62198898452658,997
A,7Up,7,102.14362471732414,621
A,7Up,7,-58.138796356556156,647
A,7Up,7,-212.9317544279291,560
A,7Up,7,201.04449019839095,979
A,7Up,7,37.33230873904725,825
A,7Up,7,402.31939776792507,772
A,7Up,7,-124.68022298449927,537
A,7Up,7,-208.07772342566346,877
A,7Up,7,322.22591291492694,896
A,7Up,7,-28.37828645712213,713
A,7Up,7,29.47000244594146,703
A,7Up,7,133.1225913172574,595
A,7Up,7,126.91349361717447,714
A,7Up,7,206.05896989119248,523
A,7Up,7,526.970314160586,646
A,7Up,7,20.13341582010642,955
A,7Up,7,179.07745129569696,601
A,7Up,7,-50.77522758067539,770
A,7Up,7,320.59828754748474,526
A,7Up,7,-132.06281432857318,692
A,7Up,7,-76.04631410091963,970
A,7Up,7,-119.45096455741302,748
A,7Up,7,-32.0726587191119,515
A,7Up,7,347.3336695050167,827
A,7Up,7,319.4128270071867,538
A,7Up,7,385.1265470553464,537
A,7Up,7,68.80383431501156,697
A,7Up,7,205.93205737069792,758
A,7Up,7,-250.26997796146605,820
A,7Up,7,-193.92993996816136,993
A,7Up,7,48.0008182256921,830
A,7Up,7,207.13862561769872,788
A,7Up,7,37.58625092700122,711
B,Sprite,6,195.74545725809662,710
B,Sprite,6,212.62860441650338,550
B,Sprite,6,203.32748955926604,585
B,Sprite,6,190.5457557654155,686
B,Sprite,6,197.12796247324636,527
B,Sprite,6,196.2228072459853,848
B,Sprite,6,185.6965247522474,799
B,Sprite,6,198.26775982908694,909
B,Sprite,6,193.72576106075084,836
B,Sprite,6,190.16735451306795,515
B,Sprite,6,196.77878599207514,568
B,Sprite,6,193.35779673534645,589
B,Sprite,6,213.73763852894197,802
B,Sprite,6,203.9102124131599,759
B,Sprite,6,193.82869545797982,757
B,Sprite,6,202.72674690665096,930
B,Sprite,6,203.05484748661283,823
B,Sprite,6,192.4806976666341,658
B,Sprite,6,210.9903362507755,755
B,Sprite,6,208.23763353782456,526
B,Sprite,6,205.4634690929715,901
B,Sprite,6,177.2737377649593,592
B,Sprite,6,198.01510063264882,826
B,Sprite,6,204.81117800393108,576
B,Sprite,6,196.8316310366218,925
B,Sprite,6,216.21128772708542,958
B,Sprite,6,207.35454436282433,989
B,Sprite,6,189.50671329984,786
B,Sprite,6,207.53603917903217,972
B,Sprite,6,205.34979488483708,544
B,Sprite,6,201.9202754844389,676
B,Sprite,6,200.87129119640232,683
B,Sprite,6,205.22313111967853,760
B,Sprite,6,188.08934984493467,860
B,Sprite,6,205.91102709623246,780
B,Sprite,6,198.23301835431485,664
B,Sprite,6,195.86514567118076,814
B,Sprite,6,195.04007114122922,730
B,Sprite,6,205.55165448559154,864
B,Sprite,6,196.55456987814347,939
B,Sprite,6,224.37589480156026,973
B,Sprite,6,200.9647041806156,707
B,Sprite,6,203.31818623105224,567
B,Sprite,6,216.32095568905345,829
B,Sprite,6,203.57233935671218,699
B,Sprite,6,191.3116975929999,798
B,Sprite,6,199.73604052366093,825
B,Sprite,6,193.30020599125083,527
B,Sprite,6,222.9044546101579,693
B,Sprite,6,200.11028746631303,902
B,Sprite,6,190.87716109384527,682
B,Sprite,6,201.91413759122435,989
B,Sprite,6,215.82092066147078,524
B,Sprite,6,206.71021773992467,790
B,Sprite,6,203.56213919891835,739
B,Sprite,6,194.7739207199502,937
B,Sprite,6,199.55713586399074,628
B,Sprite,6,208.65235811408806,500
B,Sprite,6,184.03475832380715,769
B,Sprite,6,197.91391955855644,850
B,Sprite,6,193.48885535184823,723
B,Sprite,6,201.1375554739201,762
B,Sprite,6,176.80287973972665,763
B,Sprite,6,201.14211963066455,767
B,Sprite,6,202.82249906412653,698
B,Sprite,6,197.2298456880363,717
B,Sprite,6,194.8759104636873,787
B,Sprite,6,203.96457958430244,993
B,Sprite,6,206.40480910550912,697
B,Sprite,6,190.01903417072467,825
B,Sprite,6,186.20144196464062,752
B,Sprite,6,192.82819628071084,670
B,Sprite,6,202.34371256387465,639
B,Sprite,6,219.02743274462227,872
B,Sprite,6,203.18824011952182,712
B,Sprite,6,198.75610981893536,970
B,Sprite,6,201.73937923921497,954
B,Sprite,6,195.68598366206322,739
B,Sprite,6,185.3378388764539,869
B,Sprite,6,202.56982511922564,970
B,Sprite,6,203.12634861865362,940
B,Sprite,6,201.5399816925297,785
B,Sprite,6,192.0031629491913,953
B,Sprite,6,202.5078799646495,549
B,Sprite,6,195.8401761425252,709
B,Sprite,6,191.11209311518834,636
B,Sprite,6,202.6015088801805,966
B,Sprite,6,217.25839692483297,501
B,Sprite,6,197.0414978715417,728
B,Sprite,6,197.84437646505154,794
B,Sprite,6,192.23652545978786,676
B,Sprite,6,223.6260485298992,605
B,Sprite,6,225.06666042498674,824
B,Sprite,6,189.40811598076988,768
B,Sprite,6,211.16846148913882,838
B,Sprite,6,204.89580285945587,602
B,Sprite,6,197.06054910820487,850
B,Sprite,6,207.38028295154777,784
B,Sprite,6,211.78198424422877,944
B,Sprite,6,197.94330105284243,785
B,Sprite,6,188.15712098326495,753
B,Sprite,6,199.5072363084259,902
B,Sprite,6,204.71665995875736,776
B,Sprite,6,205.34561902219372,965
B,Sprite,6,198.46613111580024,720
B,Sprite,6,204.49545969875498,927
B,Sprite,6,194.3309641465007,883
B,Sprite,6,189.64382929407302,869
B,Sprite,6,207.4642245316459,668
B,Sprite,6,206.16542532736142,929
B,Sprite,6,210.50334818216535,732
B,Sprite,6,200.11634417118128,505
B,Sprite,6,188.48284085456237,922
B,Sprite,6,212.47788322160335,753
B,Sprite,6,205.34729758229204,723
B,Sprite,6,195.9843649728592,527
B,Sprite,6,228.0900908413722,875
B,Sprite,6,199.339253700397,600
B,Sprite,6,199.82161448598018,524
B,Sprite,6,203.16478805723483,610
B,Sprite,6,195.4163608357868,656
B,Sprite,6,207.69609961699024,838
B,Sprite,6,200.42022750362148,973
B,Sprite,6,194.66544811143413,544
B,Sprite,6,199.53156286165557,742
B,Sprite,6,203.1778446247864,540
B,Sprite,6,210.46235240789184,629
B,Sprite,6,209.12499350864238,637
B,Sprite,6,200.83520598706895,530
B,Sprite,6,214.27789158997868,890
B,Sprite,6,193.1065572042423,753
B,Sprite,6,202.860750196951,900
B,Sprite,6,188.00164258075196,657
B,Sprite,6,203.55413393514812,883
B,Sprite,6,197.00687094800534,823
B,Sprite,6,216.29900341601748,567
B,Sprite,6,180.696417636907,935
B,Sprite,6,187.18795221857894,608
B,Sprite,6,197.22031107880187,799
B,Sprite,6,179.18744980350743,670
B,Sprite,6,206.45134652271582,676
B,Sprite,6,193.0428693240175,588
B,Sprite,6,198.17013634824607,912
B,Sprite,6,200.6948160318322,542
B,Sprite,6,189.26361653110789,530
B,Sprite,6,204.15115169040357,842
B,Sprite,6,184.90738733491384,930
B,Sprite,6,198.07562207107466,972
B,Sprite,6,209.8135105552772,728
B,Sprite,6,180.56846705593208,528
B,Sprite,6,206.87984642433943,826
B,Sprite,6,200.6222942727403,738
B,Sprite,6,187.27437629878557,762
B,Sprite,6,169.60836056168372,526
B,Sprite,6,196.94617228699084,636
B,Sprite,6,179.3328028060787,997
B,Sprite,6,186.86372478290252,991
B,Sprite,6,194.39338487060064,794
B,Sprite,6,192.01222170712646,811
B,Sprite,6,193.351417586576,902
B,Sprite,6,190.34818068088796,755
B,Sprite,6,200.75468342415948,821
B,Sprite,6,208.6394605870899,916
B,Sprite,6,175.58144063648422,588
B,Sprite,6,215.15818128660527,574
B,Sprite,6,199.79084951687742,699
B,Sprite,6,212.91350559238026,518
B,Sprite,6,193.06160867781168,886
B,Sprite,6,210.85196886249614,653
B,Sprite,6,199.7293971496125,788
B,Sprite,6,216.22356014728547,684
B,Sprite,6,214.9898027726382,609
B,Sprite,6,196.13457894418445,610
B,Sprite,6,195.484980778042,722
B,Sprite,6,203.10517417625732,593
B,Sprite,6,191.27130081189685,815
B,Sprite,6,206.20121252949534,596
B,Sprite,6,202.93036277377323,951
B,Sprite,6,200.8282873115846,598
B,Sprite,6,187.40359975752946,728
B,Sprite,6,188.94834937081868,758
B,Sprite,6,196.68906832395263,650
B,Sprite,6,203.48296455756793,644
B,Sprite,6,188.59406865245393,943
B,Sprite,6,196.34381759355404,945
B,Sprite,6,179.50378364626,925
B,Sprite,6,190.25634152479554,780
B,Sprite,6,184.59506628575045,866
B,Sprite,6,209.18200458683802,573
B,Sprite,6,189.5514691664019,665
B,Sprite,6,189.33201582669494,887
B,Sprite,6,211.8500027230061,681
B,Sprite,6,209.10778313297402,719
B,Sprite,6,190.13292763580984,909
B,Sprite,6,195.61867192734184,716
B,Sprite,6,198.82615071317852,805
B,Sprite,6,215.54945286673862,818
B,Sprite,6,193.2507519729623,845
B,Sprite,6,201.5759799776934,661
B,Sprite,6,203.04042447012364,859
C,Pepsi,5,204.88747014429862,747
C,Pepsi,5,192.65730443676702,758
C,Pepsi,5,212.6803736642464,519
C,Pepsi,5,202.77967052763134,529
C,Pepsi,5,190.9445884965956,595
C,Pepsi,5,208.25629939307137,634
C,Pepsi,5,189.45759700795878,944
C,Pepsi,5,193.6396251105577,821
C,Pepsi,5,187.6170739790834,772
C,Pepsi,5,203.97760157972064,598
C,Pepsi,5,183.57754723418662,603
C,Pepsi,5,188.1424295835788,692
C,Pepsi,5,198.1697540575223,522
C,Pepsi,5,192.78151683582539,723
C,Pepsi,5,185.1621915579064,770
C,Pepsi,5,224.0736465373671,780
C,Pepsi,5,198.32551924349025,942
C,Pepsi,5,198.8302653631531,628
C,Pepsi,5,184.60738485614687,659
C,Pepsi,5,190.2823266464891,640
C,Pepsi,5,198.31088732300984,659
C,Pepsi,5,189.7254034518386,689
C,Pepsi,5,207.51424466808587,882
C,Pepsi,5,180.45152461556322,774
C,Pepsi,5,202.69771869470168,662
C,Pepsi,5,185.50018107699933,742
C,Pepsi,5,196.57435952777848,800
C,Pepsi,5,193.83375162137017,767
C,Pepsi,5,184.1193263358075,814
C,Pepsi,5,200.1754092337261,988
C,Pepsi,5,207.3109218672272,610
C,Pepsi,5,220.81979046690003,919
C,Pepsi,5,218.81693762802843,697
C,Pepsi,5,183.97657664560717,920
C,Pepsi,5,194.10979030227293,794
C,Pepsi,5,185.6989941130352,896
C,Pepsi,5,189.89122472496052,961
C,Pepsi,5,191.36136885634804,572
C,Pepsi,5,190.54983781701227,845
C,Pepsi,5,200.95560369378646,936
C,Pepsi,5,197.67215287761522,688
C,Pepsi,5,213.91486743351476,531
C,Pepsi,5,174.80444926240207,518
C,Pepsi,5,207.28843147805858,758
C,Pepsi,5,196.2286291037256,936
C,Pepsi,5,214.13166962567738,589
C,Pepsi,5,199.03378513839823,965
C,Pepsi,5,199.65675007833272,508
C,Pepsi,5,195.0160193331944,786
C,Pepsi,5,196.63033702369583,552
C,Pepsi,5,201.73833842670655,696
C,Pepsi,5,200.77853305249778,901
C,Pepsi,5,214.59235565484013,785
C,Pepsi,5,207.5352464213585,844
C,Pepsi,5,215.47060436771756,841
C,Pepsi,5,183.0056446162364,552
C,Pepsi,5,190.2487939272985,565
C,Pepsi,5,211.32631288416806,604
C,Pepsi,5,181.26946841153796,946
C,Pepsi,5,198.97068420724847,501
C,Pepsi,5,184.58536980433396,683
C,Pepsi,5,200.85977846362223,863
C,Pepsi,5,202.77776315111612,893
C,Pepsi,5,206.8329926608009,662
C,Pepsi,5,193.68018437736637,551
C,Pepsi,5,185.35268232182273,890
C,Pepsi,5,179.572441954952,755
C,Pepsi,5,203.08731421426268,971
C,Pepsi,5,216.21108488443156,776
C,Pepsi,5,204.2856016237099,733
C,Pepsi,5,219.91423119887003,683
C,Pepsi,5,199.66134340060051,726
C,Pepsi,5,185.79776015320385,523
C,Pepsi,5,198.8816648899788,733
C,Pepsi,5,184.58841425601244,663
C,Pepsi,5,205.71040697779702,652
C,Pepsi,5,206.5865502266647,531
C,Pepsi,5,212.97022821691627,519
C,Pepsi,5,199.10545817190297,954
C,Pepsi,5,191.970061047446,675
C,Pepsi,5,181.80869595295886,522
C,Pepsi,5,211.55247465858022,726
C,Pepsi,5,215.3376732575426,674
C,Pepsi,5,207.46794878969783,775
C,Pepsi,5,206.71674603468165,813
C,Pepsi,5,199.74282931817257,906
C,Pepsi,5,198.85362351844702,941
C,Pepsi,5,198.46714267593785,500
C,Pepsi,5,191.58060076545252,829
C,Pepsi,5,191.619080278647,925
C,Pepsi,5,189.01113512420488,943
C,Pepsi,5,199.43179345803057,679
C,Pepsi,5,196.82060630283655,939
C,Pepsi,5,203.24341798705467,543
C,Pepsi,5,202.0588515581063,527
C,Pepsi,5,189.33228107509507,861
C,Pepsi,5,207.31980648025888,961
C,Pepsi,5,197.20214390458392,952
C,Pepsi,5,195.84676933281676,711
C,Pepsi,5,211.0741591924349,587
D,Coke,4,245.93207884894917,759
D,Coke,4,419.26365839866304,618
D,Coke,4,414.32847696363365,891
D,Coke,4,406.21264688555834,661
D,Coke,4,438.1044805755269,624
D,Coke,4,450.476737352284,998
D,Coke,4,320.90765932654216,586
D,Coke,4,350.7360751015854,945
D,Coke,4,227.53154903890157,639
D,Coke,4,449.50055881988385,907
D,Coke,4,405.5833280315982,744
D,Coke,4,394.0351709531637,656
D,Coke,4,189.48043269643443,614
D,Coke,4,389.10302943916713,970
D,Coke,4,413.53950167943145,812
D,Coke,4,341.13369928116333,893
D,Coke,4,261.0642649257959,666
D,Coke,4,339.9642587966996,713
D,Coke,4,306.87208647859705,969
D,Coke,4,309.88766895788785,767
D,Coke,4,359.7508828883284,686
D,Coke,4,284.60109284938164,917
D,Coke,4,452.0181398024494,933
D,Coke,4,455.3360512962607,992
D,Coke,4,480.5202840703947,502
D,Coke,4,406.93142177159757,512
D,Coke,4,306.0407262313595,900
D,Coke,4,207.6572052423761,772
D,Coke,4,460.4632901673929,664
D,Coke,4,458.3423331474987,677
D,Coke,4,547.1107636978609,512
D,Coke,4,512.030419328486,565
D,Coke,4,485.7073573463995,817
D,Coke,4,405.7491991748965,935
D,Coke,4,335.10377839959074,745
D,Coke,4,597.6708476962792,877
D,Coke,4,321.56555724648365,649
D,Coke,4,303.98713080320374,803
D,Coke,4,391.13496517568205,732
D,Coke,4,392.6198611946515,536
D,Coke,4,286.14733432533035,984
D,Coke,4,467.230553760691,715
D,Coke,4,378.1587912410929,700
D,Coke,4,348.78858233257256,774
D,Coke,4,477.64383756446244,908
D,Coke,4,486.7862143163219,592
D,Coke,4,406.3931093545799,792
D,Coke,4,533.3766399629279,922
D,Coke,4,391.8463314443778,563
D,Coke,4,472.5405218537201,858
D,Coke,4,357.34504364008967,660
D,Coke,4,150.37142554014912,510
D,Coke,4,531.1951422485268,560
D,Coke,4,173.95537434614866,919
D,Coke,4,650.401038098862,560
D,Coke,4,364.35805671797135,643
D,Coke,4,397.3734000567091,971
D,Coke,4,402.8370339891677,774
D,Coke,4,426.70920673941697,510
D,Coke,4,461.1857226536587,608
D,Coke,4,644.1326206595963,716
D,Coke,4,369.7734349927251,565
D,Coke,4,368.34947661956903,912
D,Coke,4,318.270636431548,607
D,Coke,4,552.4574440674502,957
D,Coke,4,416.046410925516,605
D,Coke,4,435.48892199051335,741
D,Coke,4,378.8710770807798,979
D,Coke,4,427.54320645835776,919
D,Coke,4,168.3623728980475,707
D,Coke,4,159.04192933892358,502
D,Coke,4,278.35276023515837,785
D,Coke,4,321.2438704725035,969
D,Coke,4,296.81718395186545,981
D,Coke,4,457.9573999365217,835
D,Coke,4,720.1195518614205,500
D,Coke,4,463.9206318254811,655
D,Coke,4,387.09343861554817,545
D,Coke,4,280.8129977892292,520
D,Coke,4,376.49816454873485,661
D,Coke,4,354.7584389792183,782
D,Coke,4,412.7575975715342,828
D,Coke,4,405.20358409764646,966
D,Coke,4,565.1600439597579,774
D,Coke,4,403.7511860899687,720
D,Coke,4,247.2295586592749,552
D,Coke,4,468.78896975439125,991
D,Coke,4,449.2059112902215,546
D,Coke,4,467.87442372916655,946
D,Coke,4,225.21182043216444,734
D,Coke,4,536.0867283086566,926
D,Coke,4,382.83593777302525,893
D,Coke,4,439.0348522409637,764
D,Coke,4,348.0259591759578,561
D,Coke,4,397.1895159472653,856
D,Coke,4,377.81509692237125,958
D,Coke,4,463.7379728616256,739
D,Coke,4,281.62631498209015,848
D,Coke,4,278.46381815001604,728
D,Coke,4,464.45351785348953,802
D,Coke,4,405.51970726118265,702
D,Coke,4,389.335061884514,603
D,Coke,4,408.8216839435724,774
D,Coke,4,267.7722498818467,662
D,Coke,4,332.96793609386606,512
D,Coke,4,549.4164866581311,786
D,Coke,4,319.80008550945786,866
D,Coke,4,452.50623924556197,810
D,Coke,4,510.7295415772512,502
D,Coke,4,506.5472748027713,799
D,Coke,4,420.96738223155904,508
D,Coke,4,301.05092020588455,904
D,Coke,4,474.698055084939,882
D,Coke,4,492.7603383189916,893
D,Coke,4,162.36085216444883,570
D,Coke,4,432.1296189227552,908
D,Coke,4,427.75660653845006,755
D,Coke,4,533.8348095780611,918
D,Coke,4,366.00957688784,718
D,Coke,4,467.5557581881492,863
D,Coke,4,289.27928128335435,846
D,Coke,4,587.1831982334787,523
D,Coke,4,346.2084547459868,854
D,Coke,4,312.94271527979004,992
D,Coke,4,358.5757551575495,616
D,Coke,4,324.34892944325816,856
D,Coke,4,246.57627267157045,878
D,Coke,4,501.76379571758315,589
D,Coke,4,404.4179635628367,527
D,Coke,4,500.83167579002145,627
D,Coke,4,365.0423303325675,769
D,Coke,4,365.64227592681544,919
D,Coke,4,241.92460223916845,955
D,Coke,4,518.4576255887673,945
D,Coke,4,430.3179070398086,900
D,Coke,4,363.3495394071882,944
D,Coke,4,679.3775136457186,942
D,Coke,4,419.16622324411856,520
D,Coke,4,403.4028907012878,701
D,Coke,4,521.5870644368492,588
D,Coke,4,408.8041178761958,513
D,Coke,4,534.52388379396,719
D,Coke,4,396.84776107683996,533
D,Coke,4,357.57658799863486,684
D,Coke,4,227.84314378233287,777
D,Coke,4,253.74852782186557,991
D,Coke,4,485.6837359814084,611
D,Coke,4,236.70063397770974,524
D,Coke,4,527.2036210658651,996
D,Coke,4,440.8084484973156,919
D,Coke,4,409.45880624937024,697
D,Coke,4,299.0905538544904,738
D,Coke,4,300.5731138495074,691
D,Coke,4,395.7440446814293,735
D,Coke,4,679.3133226164592,913
D,Coke,4,332.97453718439033,609
D,Coke,4,534.2414717322572,949
D,Coke,4,297.82818656328527,733
D,Coke,4,308.42744241148193,726
D,Coke,4,279.0989186494319,749
D,Coke,4,293.5698406770406,743
D,Coke,4,433.81937372974113,630
D,Coke,4,434.3420933684986,867
D,Coke,4,372.34795998305503,745
D,Coke,4,511.823443092234,873
D,Coke,4,378.961656167513,616
D,Coke,4,198.195361041698,694
D,Coke,4,314.2297616043247,807
D,Coke,4,431.8415345483105,886
D,Coke,4,245.3478055704593,934
D,Coke,4,449.93751767711757,961
D,Coke,4,440.6838979908953,616
D,Coke,4,226.4705884635037,586
D,Coke,4,463.16199886866195,701
D,Coke,4,450.3908241288143,516
D,Coke,4,428.1943886761,637
D,Coke,4,316.5891960709709,533
D,Coke,4,429.7569961724081,968
D,Coke,4,606.5195736700853,710
D,Coke,4,504.2450226423189,852
D,Coke,4,432.87018896715773,723
D,Coke,4,459.1891266466579,946
D,Coke,4,451.40324532588306,682
D,Coke,4,654.5675537116193,648
D,Coke,4,233.85991530824367,962
D,Coke,4,516.4460339334519,503
D,Coke,4,412.42695545865837,858
D,Coke,4,317.78363575245083,780
D,Coke,4,434.9858876674628,719
D,Coke,4,227.3693354187261,515
D,Coke,4,240.51772818723725,681
D,Coke,4,356.04050104643346,859
D,Coke,4,291.3267392846936,876
D,Coke,4,418.4409186099012,592
D,Coke,4,410.3445391644097,700
D,Coke,4,432.0244974904331,810
D,Coke,4,563.5360783084758,721
D,Coke,4,107.60269578499884,819
D,Coke,4,260.5292456268924,922
D,Coke,4,375.55294443667924,966
D,Coke,4,401.6542322799557,777
D,Coke,4,402.4603649573338,827
D,Coke,4,214.3531316953146,665
D,Coke,4,388.7054194172871,756
D,Coke,4,628.0696961034703,900
D,Coke,4,497.9690285693148,818
D,Coke,4,257.1313506708582,687
D,Coke,4,355.13569798258277,752
D,Coke,4,353.62177474194823,813
D,Coke,4,208.30270256314606,602
D,Coke,4,338.0843393394602,642
D,Coke,4,237.14959851831304,753
D,Coke,4,543.0403346454032,688
D,Coke,4,378.377789153924,603
D,Coke,4,285.6533419225228,641
D,Coke,4,504.530118197798,931
D,Coke,4,524.7789766987822,721
D,Coke,4,292.9177315463156,563
D,Coke,4,445.7863300097164,840
D,Coke,4,214.56498957838036,754
D,Coke,4,314.73215593377637,679
D,Coke,4,425.2687332927436,936
D,Coke,4,479.31119573676256,950
D,Coke,4,568.2298635660047,912
D,Coke,4,381.1153645792913,691
D,Coke,4,251.36540959584806,923
D,Coke,4,573.90483520534,901
D,Coke,4,454.6165122351856,835
D,Coke,4,556.3408382571137,561
D,Coke,4,645.4880007580589,771
D,Coke,4,344.10695814584994,774
D,Coke,4,469.0610525485339,912
D,Coke,4,275.4343721238478,709
D,Coke,4,292.1260588553936,533
D,Coke,4,406.70410844896935,884
D,Coke,4,448.69354458943496,890
D,Coke,4,397.99992786315784,808
D,Coke,4,344.3685548229658,695
D,Coke,4,387.4190560527432,970
D,Coke,4,380.593080793781,861
D,Coke,4,403.59417946153724,994
D,Coke,4,334.6755885284448,593
D,Coke,4,450.71313815138217,994
D,Coke,4,274.4708963453773,856
D,Coke,4,442.0515291825183,949
D,Coke,4,573.3242918654983,898
D,Coke,4,368.5239153035184,894
D,Coke,4,410.7312268389344,901
D,Coke,4,483.4517326942441,666
D,Coke,4,590.8469717948734,952
D,Coke,4,333.1533632151892,945
D,Coke,4,527.8462259751318,842
D,Coke,4,486.90401102466444,699
D,Coke,4,380.6950868678186,836
D,Coke,4,399.4169418423044,538
D,Coke,4,386.7263465241748,736
D,Coke,4,306.3879951979834,866
D,Coke,4,288.33613507611744,696
D,Coke,4,550.1409297113789,755
D,Coke,4,575.8762383977755,773
D,Coke,4,532.6499312198891,553
D,Coke,4,393.7229001567731,623
D,Coke,4,289.03812662352965,868
D,Coke,4,456.13683756365293,597
D,Coke,4,246.53068763206173,933
D,Coke,4,389.9676357215713,907
D,Coke,4,355.2073636861891,853
D,Coke,4,239.85464238693262,981
D,Coke,4,316.76099638501523,831
D,Coke,4,420.12734199464046,785
D,Coke,4,451.31610816217034,730
D,Coke,4,290.4747142078612,941
D,Coke,4,356.3015094906156,680
D,Coke,4,333.0012638771466,757
D,Coke,4,441.3583399583322,628
D,Coke,4,509.01391075440154,769
D,Coke,4,304.17297226607303,853
D,Coke,4,422.8242723233809,768
D,Coke,4,214.16833792110302,945
D,Coke,4,587.2803971715372,584
D,Coke,4,477.8199122864791,673
D,Coke,4,426.629821265497,521
D,Coke,4,497.2666341451172,963
D,Coke,4,355.48610142084516,979
D,Coke,4,364.2449977484163,971
D,Coke,4,345.650469304539,592
D,Coke,4,601.8448904412534,574
D,Coke,4,404.1960636731156,896
D,Coke,4,422.640238484703,527
D,Coke,4,216.6894354882182,693
D,Coke,4,499.77300366199376,803
D,Coke,4,368.6066852719336,746
D,Coke,4,439.2131358434731,675
D,Coke,4,459.6639444080598,656
D,Coke,4,541.072747747636,564
D,Coke,4,487.15309934383777,741
D,Coke,4,305.7232965496051,501
D,Coke,4,482.1247390479499,714
D,Coke,4,184.30946353432475,586
D,Coke,4,536.4539222595307,603
D,Coke,4,188.74217640753295,683
D,Coke,4,380.2672315338586,714
D,Coke,4,441.2239030515801,525
D,Coke,4,242.52607137227633,819
D,Coke,4,301.4575054736664,921
D,Coke,4,293.12690481640226,694
D,Coke,4,322.00811984129615,554
D,Coke,4,495.3688040068032,646
D,Coke,4,457.83200850062144,810
D,Coke,4,547.9028375129152,650
D,Coke,4,362.8941830834381,827
D,Coke,4,444.5437993522201,540
D,Coke,4,306.7824742270341,969
D,Coke,4,472.6875536926455,792
D,Coke,4,355.4670076893092,717
D,Coke,4,469.90393984135875,713
D,Coke,4,469.2282925197118,814
D,Coke,4,447.27314380866244,614
D,Coke,4,390.6837168947791,694
D,Coke,4,587.4551670630733,849
D,Coke,4,312.4800275566942,849
D,Coke,4,461.1690209261681,808
D,Coke,4,343.3139538169542,937
D,Coke,4,415.4626973907399,535
D,Coke,4,289.9811736950296,664
D,Coke,4,424.00511058326737,668
D,Coke,4,326.06299146339245,962
D,Coke,4,438.7964388595637,593
D,Coke,4,357.2521596179178,790
D,Coke,4,407.0500058316938,516
D,Coke,4,352.62322980729914,636
D,Coke,4,387.1664605002999,508
D,Coke,4,599.768332636221,681
D,Coke,4,436.92325178744807,877
D,Coke,4,517.7643612401964,760
D,Coke,4,442.54056243668566,629
D,Coke,4,432.30143972175745,785
D,Coke,4,492.48868893294105,725
D,Coke,4,424.9394388748721,598
D,Coke,4,387.6333857615158,797
D,Coke,4,527.8669888469875,965
D,Coke,4,224.75806577540584,510
D,Coke,4,359.96342760202276,903
D,Coke,4,658.9148346496695,555
D,Coke,4,410.18202773220287,907
D,Coke,4,584.0901741689289,516
D,Coke,4,412.64590113309765,925
D,Coke,4,468.2298581776969,605
D,Coke,4,499.9121460980499,674
D,Coke,4,427.9950824027867,847
D,Coke,4,530.5279268592334,661
D,Coke,4,418.40350452617815,873
D,Coke,4,385.9362905288325,743
D,Coke,4,400.44884682472997,519
D,Coke,4,396.43022133178545,553
D,Coke,4,357.5122947489792,768
D,Coke,4,448.1445567899579,580
D,Coke,4,435.004845017793,710
D,Coke,4,380.10632645162127,900
D,Coke,4,225.62942511066146,858
D,Coke,4,628.1353531993922,907
D,Coke,4,432.33210147594053,830
D,Coke,4,388.0427001428481,786
D,Coke,4,521.7238495587007,588
D,Coke,4,295.26685744517323,534
D,Coke,4,356.0209330544555,757
D,Coke,4,398.8984885877197,658
D,Coke,4,452.6602603201643,806
D,Coke,4,460.303058088844,920
D,Coke,4,435.69147888090595,725
D,Coke,4,312.07990853969005,664
D,Coke,4,420.53795056230547,567
D,Coke,4,258.55154007990933,641
D,Coke,4,374.55533724695033,643
D,Coke,4,181.21564326684322,622
D,Coke,4,321.30857046073913,855
D,Coke,4,267.16347663492513,961
D,Coke,4,386.18715923620886,724
D,Coke,4,347.6120078361241,960
D,Coke,4,482.1795899112544,739
D,Coke,4,406.9350174222866,838
D,Coke,4,260.96780517253677,885
D,Coke,4,472.95332961184675,544
D,Coke,4,367.05780070101844,934
D,Coke,4,295.56852738600725,514
D,Coke,4,464.34616598814375,706
D,Coke,4,485.2769370393404,730
D,Coke,4,386.2318087636516,565
D,Coke,4,528.642126440331,810
D,Coke,4,349.3919608380453,540
D,Coke,4,418.66507898367036,746
D,Coke,4,211.93479468331176,511
D,Coke,4,512.7596306842377,986
D,Coke,4,274.51465540979257,883
D,Coke,4,144.6648918314973,943
D,Coke,4,184.02251538618154,771
D,Coke,4,316.35773880234694,814
D,Coke,4,527.616719529694,820
D,Coke,4,446.0479246791145,878
D,Coke,4,336.80638109420187,610
E,Cappuccino,3,808.5354528529588,417
E,Cappuccino,3,808.613315604866,181
E,Cappuccino,3,800.458688514344,478
E,Cappuccino,3,811.4407633365123,276
E,Cappuccino,3,804.7877665357233,77
E,Cappuccino,3,793.6260877160632,89
E,Cappuccino,3,808.0639453904869,68
E,Cappuccino,3,809.4102986005399,264
E,Cappuccino,3,801.7043277585651,227
E,Cappuccino,3,798.5529205774958,91
E,Cappuccino,3,794.5044015602655,384
E,Cappuccino,3,793.011919990048,454
E,Cappuccino,3,778.4192798208384,282
E,Cappuccino,3,799.2373679727923,190
E,Cappuccino,3,792.9816278495277,378
E,Cappuccino,3,775.0451691545558,151
E,Cappuccino,3,798.6620160126007,348
E,Cappuccino,3,788.3168562788179,294
E,Cappuccino,3,792.0392929533775,367
E,Cappuccino,3,788.6095040569859,196
E,Cappuccino,3,815.6833181158264,47
E,Cappuccino,3,783.8134255816487,397
E,Cappuccino,3,802.0718477668593,352
E,Cappuccino,3,789.3585922312801,391
E,Cappuccino,3,789.7700479538219,117
E,Cappuccino,3,789.3864656320172,57
E,Cappuccino,3,796.4127584276039,316
E,Cappuccino,3,805.1752606162833,475
E,Cappuccino,3,799.5435972146383,264
E,Cappuccino,3,807.8102867357964,22
E,Cappuccino,3,804.7818108620711,396
E,Cappuccino,3,802.6549425704218,285
E,Cappuccino,3,802.0944641478192,268
E,Cappuccino,3,798.3876522576504,497
E,Cappuccino,3,814.7560485716784,331
E,Cappuccino,3,814.1523690136629,181
E,Cappuccino,3,789.4207958675013,87
E,Cappuccino,3,814.4400944354406,481
E,Cappuccino,3,800.7699664351481,202
E,Cappuccino,3,811.0341104820751,156
E,Cappuccino,3,819.6926711640734,241
E,Cappuccino,3,808.3486191981817,96
E,Cappuccino,3,801.2277583271206,318
E,Cappuccino,3,792.5630263761882,6
E,Cappuccino,3,798.8842897497573,484
E,Cappuccino,3,793.3470050128309,229
E,Cappuccino,3,807.8569357811098,124
E,Cappuccino,3,807.9548708340936,392
E,Cappuccino,3,815.0345615549678,259
E,Cappuccino,3,810.3756472755871,207
E,Cappuccino,3,794.8800051624376,350
E,Cappuccino,3,797.5887582588122,401
E,Cappuccino,3,793.490794319753,250
E,Cappuccino,3,806.0508591118664,249
E,Cappuccino,3,784.9294171819699,227
E,Cappuccino,3,802.6391836749087,185
E,Cappuccino,3,797.3947872358124,313
E,Cappuccino,3,801.0167604841579,309
E,Cappuccino,3,804.468970893166,231
E,Cappuccino,3,814.2633657273259,47
E,Cappuccino,3,810.2062604810918,493
E,Cappuccino,3,810.2172478616981,171
E,Cappuccino,3,780.4847338190286,194
E,Cappuccino,3,788.8681236596478,104
E,Cappuccino,3,796.1691699813956,240
E,Cappuccino,3,791.5565252612179,338
E,Cappuccino,3,807.3168638176625,232
E,Cappuccino,3,815.4910392304915,313
E,Cappuccino,3,777.5608023750202,231
E,Cappuccino,3,799.4433593012545,245
E,Cappuccino,3,792.9115716379879,448
E,Cappuccino,3,802.4865894867527,365
E,Cappuccino,3,795.6541356220848,305
E,Cappuccino,3,799.8799751390353,429
E,Cappuccino,3,799.391802854503,322
E,Cappuccino,3,799.9938486869261,234
E,Cappuccino,3,808.2241155262499,240
E,Cappuccino,3,808.8645828318114,244
E,Cappuccino,3,808.8042394061233,11
E,Cappuccino,3,786.9749237318133,324
E,Cappuccino,3,780.1771535332226,96
E,Cappuccino,3,797.5125608614893,259
E,Cappuccino,3,797.5238800680416,186
E,Cappuccino,3,810.2339881259282,177
E,Cappuccino,3,794.605084646002,99
E,Cappuccino,3,790.9761480979533,6
E,Cappuccino,3,788.901104085658,302
E,Cappuccino,3,814.4499573076624,265
E,Cappuccino,3,796.1407023240765,117
E,Cappuccino,3,810.53898293077,383
E,Cappuccino,3,824.8352871197866,420
E,Cappuccino,3,807.2336108035278,282
E,Cappuccino,3,791.0635140774974,436
E,Cappuccino,3,794.3230317978102,488
E,Cappuccino,3,793.6512539295292,135
E,Cappuccino,3,813.1025778609833,50
E,Cappuccino,3,804.5496992425143,165
E,Cappuccino,3,786.1688516532116,356
E,Cappuccino,3,801.872937076252,197
E,Cappuccino,3,804.6453464365023,491
E,Cappuccino,3,808.4357937250243,165
E,Cappuccino,3,797.8315241918707,215
E,Cappuccino,3,812.7759835095168,97
E,Cappuccino,3,786.7977889583291,493
E,Cappuccino,3,813.8615403823976,251
E,Cappuccino,3,795.7834727569999,371
E,Cappuccino,3,790.351652633467,261
E,Cappuccino,3,791.6262063804519,100
E,Cappuccino,3,799.5892580424158,206
E,Cappuccino,3,794.2718532027377,179
E,Cappuccino,3,803.2477519689552,183
E,Cappuccino,3,800.0630598806982,397
E,Cappuccino,3,798.4217466271881,31
E,Cappuccino,3,792.1467548193816,452
E,Cappuccino,3,803.9808717915172,423
E,Cappuccino,3,802.9163486569773,22
E,Cappuccino,3,794.3219350095577,262
E,Cappuccino,3,782.7786997575787,298
E,Cappuccino,3,806.1104557680338,470
E,Cappuccino,3,796.9165898946994,182
E,Cappuccino,3,801.1081467660962,440
E,Cappuccino,3,802.5322163341912,423
E,Cappuccino,3,803.8314186310405,215
E,Cappuccino,3,817.8049037883526,133
E,Cappuccino,3,784.5745302582834,425
E,Cappuccino,3,799.6546497039667,277
E,Cappuccino,3,785.574891151026,118
E,Cappuccino,3,807.2667893786651,214
E,Cappuccino,3,784.2204183600356,498
E,Cappuccino,3,794.5792949488813,394
E,Cappuccino,3,799.2449136612491,364
E,Cappuccino,3,787.4882181040105,330
E,Cappuccino,3,800.8675558123707,97
E,Cappuccino,3,819.4208182569408,44
E,Cappuccino,3,799.3172013980796,432
E,Cappuccino,3,792.7317295232499,159
E,Cappuccino,3,818.5209843449861,242
E,Cappuccino,3,784.5638795398822,160
E,Cappuccino,3,807.9176936054799,217
E,Cappuccino,3,806.3575218106929,113
E,Cappuccino,3,794.7280159323104,422
E,Cappuccino,3,802.878558799532,281
E,Cappuccino,3,806.4917082560745,386
E,Cappuccino,3,812.104417680836,353
E,Cappuccino,3,797.1834699613928,205
E,Cappuccino,3,813.457967776743,82
E,Cappuccino,3,802.6494740362559,402
E,Cappuccino,3,800.4494363005299,129
E,Cappuccino,3,793.3423626527614,242
E,Cappuccino,3,801.187709277748,413
E,Cappuccino,3,797.7367937795824,35
E,Cappuccino,3,807.5001391758353,403
E,Cappuccino,3,808.4702359251888,156
E,Cappuccino,3,797.5722877017514,161
E,Cappuccino,3,781.9173180445479,24
E,Cappuccino,3,795.9442714694974,402
E,Cappuccino,3,815.2445427775868,193
E,Cappuccino,3,771.5428252185542,201
E,Cappuccino,3,795.6452111747118,178
E,Cappuccino,3,808.7056895085293,342
E,Cappuccino,3,799.2856129067333,213
E,Cappuccino,3,815.5045231810911,247
E,Cappuccino,3,804.0100219716785,472
E,Cappuccino,3,794.1745621185294,167
E,Cappuccino,3,820.7787225400486,61
E,Cappuccino,3,801.8584100891022,96
E,Cappuccino,3,798.6117882298794,339
E,Cappuccino,3,794.4828807480144,422
E,Cappuccino,3,798.6032082507621,365
E,Cappuccino,3,799.0203388012379,89
E,Cappuccino,3,812.1382135786116,219
E,Cappuccino,3,792.2772401460257,282
E,Cappuccino,3,801.4545300775742,160
E,Cappuccino,3,808.8765367687735,127
E,Cappuccino,3,800.1339971741555,304
E,Cappuccino,3,798.4404772630646,320
E,Cappuccino,3,796.2533828829007,341
E,Cappuccino,3,797.6684594570894,81
E,Cappuccino,3,807.7266070977987,137
E,Cappuccino,3,788.0126483161547,139
E,Cappuccino,3,806.8216746458962,231
E,Cappuccino,3,810.3880976606538,477
E,Cappuccino,3,800.1146285717633,40
E,Cappuccino,3,798.9207890395322,484
E,Cappuccino,3,820.7871900520024,452
E,Cappuccino,3,814.0872550876734,13
E,Cappuccino,3,810.5761981767428,313
E,Cappuccino,3,801.1450355720998,156
E,Cappuccino,3,795.096963817093,311
E,Cappuccino,3,826.3692050385552,256
E,Cappuccino,3,809.5982466557097,133
E,Cappuccino,3,792.846757864884,302
E,Cappuccino,3,798.0575045578544,212
E,Cappuccino,3,798.8695860069647,251
E,Cappuccino,3,816.5029157624534,397
E,Cappuccino,3,817.0059702743397,30
E,Cappuccino,3,784.9543694050557,165
E,Cappuccino,3,781.8154385855988,127
E,Cappuccino,3,821.8923939217959,192
E,Cappuccino,3,790.1395123992019,40
E,Cappuccino,3,792.6822692183334,447
E,Cappuccino,3,779.325952489393,291
E,Cappuccino,3,792.4717346275264,146
E,Cappuccino,3,808.3973446179604,28
E,Cappuccino,3,780.4729114506104,32
E,Cappuccino,3,801.7499711028341,66
E,Cappuccino,3,789.277440972791,293
E,Cappuccino,3,801.2347429950435,294
E,Cappuccino,3,808.1870735441661,18
E,Cappuccino,3,797.0255180206989,208
E,Cappuccino,3,799.5406343992703,69
E,Cappuccino,3,799.8578706233129,266
E,Cappuccino,3,817.1959516229977,272
E,Cappuccino,3,797.2251345093656,251
E,Cappuccino,3,794.1732944851854,160
E,Cappuccino,3,805.2324104239116,495
E,Cappuccino,3,806.0921514908712,257
E,Cappuccino,3,798.0428002913186,489
E,Cappuccino,3,793.9860513999414,191
E,Cappuccino,3,797.6422976817653,277
E,Cappuccino,3,818.3222181679884,215
E,Cappuccino,3,822.6872839496872,496
E,Cappuccino,3,799.8126918014494,102
E,Cappuccino,3,806.7589602152068,160
E,Cappuccino,3,812.473899302858,217
E,Cappuccino,3,782.7013897242942,213
E,Cappuccino,3,791.72734924139,6
E,Cappuccino,3,807.0384215568979,85
E,Cappuccino,3,793.9779668147127,296
E,Cappuccino,3,790.6136007504366,323
E,Cappuccino,3,796.2226630516664,441
E,Cappuccino,3,793.9727827987556,198
E,Cappuccino,3,799.1907602295225,411
E,Cappuccino,3,794.7555005013221,456
E,Cappuccino,3,771.938414455742,66
E,Cappuccino,3,797.8571145791957,146
E,Cappuccino,3,794.9200593397971,52
E,Cappuccino,3,794.2272423400915,329
E,Cappuccino,3,792.1473772016502,239
E,Cappuccino,3,787.5210957882861,202
E,Cappuccino,3,783.6901248383871,243
E,Cappuccino,3,810.464723031226,313
E,Cappuccino,3,812.4323264554595,26
E,Cappuccino,3,798.0475370703608,345
E,Cappuccino,3,790.7487615016843,55
E,Cappuccino,3,772.6951883714225,235
E,Cappuccino,3,783.8356552069246,255
E,Cappuccino,3,817.0284832973668,116
E,Cappuccino,3,801.8526941715837,435
E,Cappuccino,3,804.5854702105951,284
E,Cappuccino,3,793.7377687877541,92
E,Cappuccino,3,816.6929539714648,228
E,Cappuccino,3,797.8552953325228,353
E,Cappuccino,3,776.7741140395934,315
E,Cappuccino,3,795.560328551015,390
E,Cappuccino,3,806.2498706437333,330
E,Cappuccino,3,806.5884308813322,192
E,Cappuccino,3,785.974998331286,281
E,Cappuccino,3,801.225939893227,341
E,Cappuccino,3,794.9922468358783,156
E,Cappuccino,3,806.8750837944908,326
E,Cappuccino,3,796.5265407023509,228
E,Cappuccino,3,782.3601403600993,308
E,Cappuccino,3,787.9984143529301,210
E,Cappuccino,3,799.1883034920719,135
E,Cappuccino,3,812.8656506001739,342
E,Cappuccino,3,801.5246864126412,482
E,Cappuccino,3,783.384133789026,288
E,Cappuccino,3,791.0971699620654,155
E,Cappuccino,3,793.3533021195734,447
E,Cappuccino,3,803.1270908190556,255
E,Cappuccino,3,805.9618633230084,192
E,Cappuccino,3,788.5744763981339,290
E,Cappuccino,3,791.0025406448016,208
E,Cappuccino,3,806.4056814760141,12
E,Cappuccino,3,765.9943152163794,444
E,Cappuccino,3,797.8167705274117,466
E,Cappuccino,3,786.5532586385116,320
E,Cappuccino,3,805.4860701407333,252
E,Cappuccino,3,788.8113579153442,136
E,Cappuccino,3,777.6266313260465,78
E,Cappuccino,3,786.1421723590032,10
E,Cappuccino,3,797.2362591336463,4
E,Cappuccino,3,808.4705428599348,324
E,Cappuccino,3,818.8253502960021,37
E,Cappuccino,3,777.3412505999805,387
E,Cappuccino,3,790.9416169102958,395
E,Cappuccino,3,801.4822074622417,355
E,Cappuccino,3,795.3648415760856,204
E,Cappuccino,3,791.7178028615727,491
E,Cappuccino,3,825.2462079808478,210
E,Cappuccino,3,776.4251472617716,389
E,Cappuccino,3,792.8919093973776,25
E,Cappuccino,3,793.2195118242328,84
E,Cappuccino,3,819.0300666735853,149
E,Cappuccino,3,790.5265472218146,17
E,Cappuccino,3,810.129132915618,26
E,Cappuccino,3,788.9217614999403,479
E,Cappuccino,3,772.9980888724185,6
E,Cappuccino,3,792.5093219926118,42
E,Cappuccino,3,797.5948874676546,419
E,Cappuccino,3,792.6781795559237,247
E,Cappuccino,3,797.399342369991,87
E,Cappuccino,3,788.714757305927,365
E,Cappuccino,3,801.5049374457349,217
E,Cappuccino,3,795.0021921177616,429
E,Cappuccino,3,805.2784303635283,448
E,Cappuccino,3,781.3667545236975,427
E,Cappuccino,3,809.4624028953607,13
E,Cappuccino,3,793.8968964244373,304
E,Cappuccino,3,792.1035489583131,360
E,Cappuccino,3,786.4348019001084,424
E,Cappuccino,3,809.3547665382038,132
E,Cappuccino,3,802.8086067153048,388
E,Cappuccino,3,807.275276994905,262
E,Cappuccino,3,806.8507285034024,255
E,Cappuccino,3,794.0856215516329,226
E,Cappuccino,3,807.3597329037004,285
E,Cappuccino,3,804.0741137262294,15
E,Cappuccino,3,795.1430728573341,373
E,Cappuccino,3,794.3234123054707,148
E,Cappuccino,3,814.8069893483967,317
E,Cappuccino,3,799.7943930005983,275
E,Cappuccino,3,808.7103102131138,62
E,Cappuccino,3,798.6233358175797,18
E,Cappuccino,3,810.2448482627378,496
E,Cappuccino,3,806.0450929099786,317
E,Cappuccino,3,812.3507207259398,467
E,Cappuccino,3,782.4904298216961,84
E,Cappuccino,3,768.110673023315,79
E,Cappuccino,3,809.2835518936515,74
E,Cappuccino,3,810.5653619083498,402
E,Cappuccino,3,797.4720853417916,125
E,Cappuccino,3,797.0136301853834,226
E,Cappuccino,3,816.5074039230424,55
E,Cappuccino,3,811.118339851187,412
E,Cappuccino,3,786.6627379322995,398
E,Cappuccino,3,793.764850050144,18
E,Cappuccino,3,798.4002790531691,107
E,Cappuccino,3,803.1190353136291,473
E,Cappuccino,3,793.3964106103967,326
E,Cappuccino,3,797.7052177476199,310
E,Cappuccino,3,792.2742326610559,4
E,Cappuccino,3,780.8525116085191,389
E,Cappuccino,3,803.6643876811539,209
E,Cappuccino,3,791.6294335089967,493
E,Cappuccino,3,806.1684649735444,181
E,Cappuccino,3,790.2767305356206,415
E,Cappuccino,3,789.1494487731374,203
E,Cappuccino,3,800.503543035791,257
E,Cappuccino,3,794.6007826844224,194
E,Cappuccino,3,806.870347963598,411
E,Cappuccino,3,785.4100237342301,53
E,Cappuccino,3,782.2301077344902,272
E,Cappuccino,3,799.1689021977131,329
E,Cappuccino,3,812.0382962857929,1
E,Cappuccino,3,783.607935752575,247
E,Cappuccino,3,790.2237243563538,386
E,Cappuccino,3,798.4267255797339,414
E,Cappuccino,3,793.6056100361991,117
E,Cappuccino,3,808.8739909789084,19
E,Cappuccino,3,799.6758439564275,153
E,Cappuccino,3,790.3730949034309,261
E,Cappuccino,3,799.1044341485774,156
E,Cappuccino,3,804.0660920889726,85
E,Cappuccino,3,804.6550066169546,363
E,Cappuccino,3,780.3386047112191,117
E,Cappuccino,3,802.2479620321948,394
E,Cappuccino,3,794.3274492448909,247
E,Cappuccino,3,804.9959992764545,420
E,Cappuccino,3,797.3595445498011,262
E,Cappuccino,3,812.6135918819044,8
E,Cappuccino,3,794.6382002428943,349
E,Cappuccino,3,803.488935661927,80
E,Cappuccino,3,794.5898016493146,71
E,Cappuccino,3,803.80124091477,85
E,Cappuccino,3,793.1273692653306,187
E,Cappuccino,3,792.8551223811662,424
E,Cappuccino,3,798.5618045686934,6
E,Cappuccino,3,806.9439492265393,225
E,Cappuccino,3,805.7077813046105,462
E,Cappuccino,3,805.1334002959123,424
E,Cappuccino,3,794.5375244233734,118
E,Cappuccino,3,802.1209958516152,218
E,Cappuccino,3,796.888956071664,212
E,Cappuccino,3,805.7260266628772,58
E,Cappuccino,3,792.1560845394268,88
E,Cappuccino,3,802.8625567485587,152
E,Cappuccino,3,817.6318398562224,159
E,Cappuccino,3,796.4315183450768,26
E,Cappuccino,3,789.6434870610318,192
E,Cappuccino,3,801.0449573608971,83
E,Cappuccino,3,798.5203655629565,435
E,Cappuccino,3,817.1779975487068,493
E,Cappuccino,3,803.2142628239648,103
E,Cappuccino,3,804.5100030437477,217
E,Cappuccino,3,788.5203588398506,247
E,Cappuccino,3,800.6340231049284,363
E,Cappuccino,3,788.0765231844313,80
E,Cappuccino,3,792.9925626749931,259
F,Espresso,2,795.9229773346834,82
F,Espresso,2,792.5856345674019,207
F,Espresso,2,806.6394240945486,30
F,Espresso,2,808.3792254761034,157
F,Espresso,2,786.0047924368807,359
F,Espresso,2,804.071332795348,350
F,Espresso,2,794.4740214311998,147
F,Espresso,2,801.7465614214375,88
F,Espresso,2,812.4917961185292,489
F,Espresso,2,801.2601485020293,140
F,Espresso,2,794.7194761593622,187
F,Espresso,2,798.4390023933566,123
F,Espresso,2,805.6572678042468,80
F,Espresso,2,808.0364334530083,329
F,Espresso,2,787.637745070014,188
F,Espresso,2,791.0236544007205,116
F,Espresso,2,796.0319607619356,183
F,Espresso,2,802.275872355862,108
F,Espresso,2,806.3840204383424,324
F,Espresso,2,792.5422242217371,50
F,Espresso,2,796.6606667378433,180
F,Espresso,2,801.6983751674005,476
F,Espresso,2,788.1258697462715,136
F,Espresso,2,793.4650619737527,284
F,Espresso,2,787.8665431179642,183
F,Espresso,2,800.8451700962132,332
F,Espresso,2,798.4970273453162,322
F,Espresso,2,801.8148071274527,404
F,Espresso,2,800.1824293553636,320
F,Espresso,2,791.4020398263998,135
F,Espresso,2,807.6577289163989,64
F,Espresso,2,814.7471544008486,204
F,Espresso,2,800.1816420544524,277
F,Espresso,2,792.8203770275676,327
F,Espresso,2,794.7590228312259,390
F,Espresso,2,792.197168844189,324
F,Espresso,2,814.0894872029779,44
F,Espresso,2,816.6769770056251,109
F,Espresso,2,803.9957496597505,454
F,Espresso,2,800.1900012100581,42
F,Espresso,2,796.8065207439056,141
F,Espresso,2,794.3215053006298,289
F,Espresso,2,773.9572501107514,320
F,Espresso,2,782.6547270074519,225
F,Espresso,2,801.6530456515953,7
F,Espresso,2,803.6381401781641,192
F,Espresso,2,813.745256471648,218
F,Espresso,2,807.2010990011516,174
F,Espresso,2,797.2811993069172,7
F,Espresso,2,815.4548867439424,331
F,Espresso,2,791.3886875930122,225
F,Espresso,2,806.760274825432,419
F,Espresso,2,798.820660656546,405
F,Espresso,2,811.5131785182242,68
F,Espresso,2,818.3731419592835,149
F,Espresso,2,799.629639320947,461
F,Espresso,2,796.4101467923709,15
F,Espresso,2,811.8635023672522,425
F,Espresso,2,808.3227445873068,460
F,Espresso,2,798.9124506252689,365
F,Espresso,2,804.236785474258,35
F,Espresso,2,818.6954885606889,146
F,Espresso,2,792.1070957093544,368
F,Espresso,2,786.2631261001613,105
F,Espresso,2,771.3750421137092,410
F,Espresso,2,809.2272596015483,424
F,Espresso,2,798.4423815080964,445
F,Espresso,2,807.1287522844577,214
F,Espresso,2,779.3054502647499,333
F,Espresso,2,792.8921724205587,12
F,Espresso,2,800.3058085287788,17
F,Espresso,2,783.5779992961263,114
F,Espresso,2,806.1743525124589,144
F,Espresso,2,797.6492745528263,77
F,Espresso,2,807.9293689815563,469
F,Espresso,2,826.9378100035365,49
F,Espresso,2,786.1531368165539,160
F,Espresso,2,786.9369962839714,468
F,Espresso,2,803.0298993014429,191
F,Espresso,2,793.3836354766032,27
F,Espresso,2,807.2169873372766,82
F,Espresso,2,790.8169682092932,202
F,Espresso,2,790.2249850895612,295
F,Espresso,2,798.2508281026337,334
F,Espresso,2,819.9152031965945,169
F,Espresso,2,791.4161316531557,70
F,Espresso,2,796.9304613671768,280
F,Espresso,2,790.7250494052685,299
F,Espresso,2,795.3272437852548,300
F,Espresso,2,813.6784563572451,350
F,Espresso,2,809.5275216558207,62
F,Espresso,2,796.1486965088566,8
F,Espresso,2,783.4165605391552,7
F,Espresso,2,809.6106611196795,273
F,Espresso,2,799.6000502626265,101
F,Espresso,2,796.3420584494525,356
F,Espresso,2,811.4267607005489,458
F,Espresso,2,805.9493350027316,220
F,Espresso,2,790.2359813305728,264
F,Espresso,2,803.7913521525554,451
F,Espresso,2,791.8238048076645,304
F,Espresso,2,803.9293713774528,160
F,Espresso,2,801.2230887004067,414
F,Espresso,2,798.595562853592,440
F,Espresso,2,788.9871622659547,302
F,Espresso,2,812.62405545413,376
F,Espresso,2,812.9517330709192,9
F,Espresso,2,807.3213741253483,295
F,Espresso,2,802.4575740660428,296
F,Espresso,2,800.0741043831684,76
F,Espresso,2,802.041789553014,400
F,Espresso,2,798.130080282016,419
F,Espresso,2,803.7033073671539,139
F,Espresso,2,799.171621732146,71
F,Espresso,2,789.0909553823177,493
F,Espresso,2,800.0368652724019,297
F,Espresso,2,785.1350880310041,474
F,Espresso,2,799.670177127314,266
F,Espresso,2,797.6626886466009,191
F,Espresso,2,803.6051053380291,311
F,Espresso,2,796.5823688216364,312
F,Espresso,2,805.8147801118688,76
F,Espresso,2,808.9127745528034,369
F,Espresso,2,780.0377412024231,167
F,Espresso,2,798.0198073412495,382
F,Espresso,2,788.1731750072962,225
F,Espresso,2,805.0574791540645,463
F,Espresso,2,823.8925296182451,113
F,Espresso,2,793.7226402057291,469
F,Espresso,2,793.9308340708806,373
F,Espresso,2,793.578841782645,58
F,Espresso,2,813.4138685822348,135
F,Espresso,2,790.5380147236665,389
F,Espresso,2,804.9079439087551,158
F,Espresso,2,804.2398072386194,18
F,Espresso,2,789.8520632570927,123
F,Espresso,2,800.102474923812,350
F,Espresso,2,803.7252625521463,325
F,Espresso,2,803.3097496771791,395
F,Espresso,2,791.4912435892605,483
F,Espresso,2,801.9147525106438,157
F,Espresso,2,797.3548116339249,62
F,Espresso,2,797.6894822095073,9
F,Espresso,2,798.418257344433,289
F,Espresso,2,782.317321565564,77
F,Espresso,2,832.1350088725522,319
F,Espresso,2,813.8209845229892,465
F,Espresso,2,787.595469872942,192
F,Espresso,2,797.1750477971005,31
F,Espresso,2,804.0077375447657,48
F,Espresso,2,796.1949929229532,10
F,Espresso,2,795.6443115607273,269
F,Espresso,2,782.9781806109909,78
F,Espresso,2,790.5808139493647,191
F,Espresso,2,803.9817804134155,431
F,Espresso,2,777.5121020289698,451
F,Espresso,2,796.0798026531446,400
F,Espresso,2,811.2574188237916,422
F,Espresso,2,796.1469128234538,421
F,Espresso,2,798.4666878373428,200
F,Espresso,2,802.2158930407876,177
F,Espresso,2,792.2462321294981,228
F,Espresso,2,806.0204040297714,39
F,Espresso,2,811.3291237070893,499
F,Espresso,2,805.8440836551652,405
F,Espresso,2,811.1217740547482,229
F,Espresso,2,800.3160362546726,253
F,Espresso,2,801.9626183304408,92
F,Espresso,2,800.2423992012433,392
F,Espresso,2,804.4652407381773,396
F,Espresso,2,785.6291344063612,191
F,Espresso,2,811.6573777801643,487
F,Espresso,2,809.5836983308063,290
F,Espresso,2,800.8776173689105,385
F,Espresso,2,803.0568355604489,137
F,Espresso,2,807.7084008743695,291
F,Espresso,2,818.1974683914091,223
F,Espresso,2,803.3087950054913,194
F,Espresso,2,800.9965861278453,137
F,Espresso,2,796.1252514137609,429
F,Espresso,2,791.6127573955473,139
F,Espresso,2,801.36238837035,422
F,Espresso,2,807.4074327272172,413
F,Espresso,2,816.9546119306361,374
F,Espresso,2,787.4231613646537,201
F,Espresso,2,802.711580666761,298
F,Espresso,2,798.1529109541535,53
F,Espresso,2,812.4026938079783,232
F,Espresso,2,808.7514750434711,446
F,Espresso,2,795.2201703972634,21
F,Espresso,2,812.7725797945458,480
F,Espresso,2,806.4877479244884,441
F,Espresso,2,790.6942968809237,61
F,Espresso,2,802.9321269588307,445
F,Espresso,2,799.9589231957397,112
F,Espresso,2,806.982710180977,450
F,Espresso,2,786.740473016083,459
F,Espresso,2,813.1136938325318,391
F,Espresso,2,785.4549498609413,459
F,Espresso,2,799.7397381051918,1
G,Latte,1,811.6537906940316,346
G,Latte,1,923.4933749725391,126
G,Latte,1,723.0470575181168,334
G,Latte,1,1123.737011159098,451
G,Latte,1,923.5071973377319,60
G,Latte,1,823.3382091876923,324
G,Latte,1,673.1345362898633,177
G,Latte,1,1067.001658693966,259
G,Latte,1,1192.564201767978,302
G,Latte,1,1251.4225853561336,56
G,Latte,1,880.089937224967,270
G,Latte,1,500.8572999226562,60
G,Latte,1,282.7452522107974,362
G,Latte,1,317.3752590008378,392
G,Latte,1,769.8373140942257,180
G,Latte,1,738.0314065288807,309
G,Latte,1,843.88247836992,303
G,Latte,1,277.15533403055747,472
G,Latte,1,962.3356637958866,257
G,Latte,1,768.3002716287174,463
G,Latte,1,1017.6933437202199,145
G,Latte,1,684.7988941233509,251
G,Latte,1,259.3779763022153,285
G,Latte,1,580.0665297059122,138
G,Latte,1,1140.8895774383866,215
G,Latte,1,939.2543614494648,142
G,Latte,1,-126.58039712238678,444
G,Latte,1,469.55947186594756,205
G,Latte,1,565.4682569768136,425
G,Latte,1,1539.1094441781934,89
G,Latte,1,687.9223607673816,205
G,Latte,1,1137.3843974328827,472
G,Latte,1,1342.2020595701226,69
G,Latte,1,510.9709522238674,214
G,Latte,1,736.9957110042795,368
G,Latte,1,1270.3599025604353,495
G,Latte,1,672.5943159543037,277
G,Latte,1,779.1594607960047,161
G,Latte,1,499.72048381074535,177
G,Latte,1,1062.108697470777,110
G,Latte,1,1723.0125742370365,314
G,Latte,1,737.3620614930103,361
G,Latte,1,1520.2107036494033,55
G,Latte,1,986.6217775745498,234
G,Latte,1,1095.3244743790517,278
G,Latte,1,753.3287724896792,217
G,Latte,1,891.2257937464689,15
G,Latte,1,833.2661669358038,291
G,Latte,1,196.34476728625827,431
G,Latte,1,696.4648148462552,323
G,Latte,1,1321.4235561327664,24
G,Latte,1,478.7808688527467,250
G,Latte,1,1028.5950212350417,143
G,Latte,1,1520.8152599059226,398
G,Latte,1,421.74698119391746,43
G,Latte,1,792.2224752393274,61
G,Latte,1,1156.490307228944,494
G,Latte,1,689.735388577968,21
G,Latte,1,734.1419316232777,278
G,Latte,1,1287.0784231927437,5
G,Latte,1,482.2006388865728,352
G,Latte,1,406.54951789048715,162
G,Latte,1,517.4542764276991,492
G,Latte,1,607.7221899738984,38
G,Latte,1,829.5709338283968,374
G,Latte,1,1242.8845447228712,375
G,Latte,1,93.6300365735168,385
G,Latte,1,144.43934655570627,247
G,Latte,1,824.5531853489872,461
G,Latte,1,869.5398630839744,328
G,Latte,1,563.1321793081443,261
G,Latte,1,735.1050509988056,71
G,Latte,1,1408.9788846578074,16
G,Latte,1,1259.5519390840605,101
G,Latte,1,676.3314842024002,5
G,Latte,1,410.8511903433077,253
G,Latte,1,483.8457646898534,18
G,Latte,1,1003.9020632349246,88
G,Latte,1,1210.7935539832615,209
G,Latte,1,1199.2922770937564,189
G,Latte,1,1256.2644796988,350
G,Latte,1,997.2140479916561,20
G,Latte,1,739.0112837152744,189
G,Latte,1,566.8153999102426,19
G,Latte,1,838.3624049885871,407
G,Latte,1,1540.9489410490146,270
G,Latte,1,246.01855791652906,108
G,Latte,1,1699.7964553501643,269
G,Latte,1,1101.1638541504635,444
G,Latte,1,1214.6650303574042,325
G,Latte,1,564.8979180103494,360
G,Latte,1,1084.618053169385,299
G,Latte,1,575.5993902179757,44
G,Latte,1,595.1849746195787,284
G,Latte,1,-206.5742321474563,13
G,Latte,1,1374.8527889702045,39
G,Latte,1,1311.167923850976,168
G,Latte,1,849.2968507082066,279
G,Latte,1,348.58923829038815,417
G,Latte,1,726.5275961281443,418
